City_ID,City,Country,Date,Lat,Lng,Max Temp,Humidity,Cloudiness,Wind Speed
0,Dikson,RU,2021-02-07 02:47:06,73.5069,80.5464,-27.17,87,91,9.69
1,Ponta Do Sol,PT,2021-02-07 02:42:14,32.6667,-17.1,55.0,64,28,8.01
2,Nikolskoye,RU,2021-02-07 02:44:53,59.7035,30.7861,10.4,85,75,13.42
3,Katsuura,JP,2021-02-07 02:47:06,35.1333,140.3,59.0,44,0,9.22
4,Mataura,NZ,2021-02-07 02:47:06,-46.1927,168.8643,79.74,47,25,3.09
5,Kodinsk,RU,2021-02-07 02:47:07,58.6881,99.1844,19.29,96,100,7.29
6,Kyzyl-Suu,KG,2021-02-07 02:47:07,42.3414,78.0056,32.22,83,100,4.12
7,Mar Del Plata,AR,2021-02-07 02:46:43,-38.0023,-57.5575,64.0,77,20,11.5
8,Hermanus,ZA,2021-02-07 02:47:07,-34.4187,19.2345,66.99,94,98,1.99
9,Faanui,PF,2021-02-07 02:42:18,-16.4833,-151.75,82.33,69,2,10.85
10,Pevek,RU,2021-02-07 02:44:52,69.7008,170.3133,-7.04,87,0,4.65
11,Luderitz,NA,2021-02-07 02:47:07,-26.6481,15.1594,67.1,73,0,24.52
12,Barrow,US,2021-02-07 02:47:08,71.2906,-156.7887,-4.0,77,90,14.97
13,Kaitangata,NZ,2021-02-07 02:47:08,-46.2817,169.8464,66.0,73,2,10.0
14,Cape Town,ZA,2021-02-07 02:43:41,-33.9258,18.4232,69.01,88,20,11.5
15,San Patricio,US,2021-02-07 02:47:08,28.017,-97.5169,66.2,63,1,3.44
16,Klaksvik,FO,2021-02-07 02:47:09,62.2266,-6.589,33.8,64,20,18.41
17,Atuona,PF,2021-02-07 02:47:09,-9.8,-139.0333,79.84,82,96,22.15
18,Leningradskiy,RU,2021-02-07 02:42:31,69.3833,178.4167,-11.18,73,19,4.99
19,Tiksi,RU,2021-02-07 02:43:56,71.6872,128.8694,-25.47,85,100,6.11
20,Berlevag,NO,2021-02-07 02:42:14,70.8578,29.0864,26.04,95,100,26.33
21,Miguel Alves,BR,2021-02-07 02:47:09,-4.1656,-42.8953,75.18,86,10,3.18
22,Methven,NZ,2021-02-07 02:47:10,-43.6333,171.65,77.0,52,0,1.01
23,Muros,ES,2021-02-07 02:47:10,42.7762,-9.0603,43.0,93,40,3.44
24,Narsaq,GL,2021-02-07 02:47:10,60.9167,-46.05,42.8,39,75,20.71
25,Pimentel,PE,2021-02-07 02:47:10,-6.8367,-79.9342,70.0,87,100,4.0
26,Guerrero Negro,MX,2021-02-07 02:42:37,27.9769,-114.0611,62.64,58,0,8.16
27,Mahebourg,MU,2021-02-07 02:47:10,-20.4081,57.7,75.2,88,40,5.75
28,Ushuaia,AR,2021-02-07 02:47:11,-54.8,-68.3,50.0,71,40,9.22
29,Tuktoyaktuk,CA,2021-02-07 02:47:11,69.4541,-133.0374,-16.6,76,90,23.02
30,Kita,ML,2021-02-07 02:47:11,13.0349,-9.4895,73.71,20,89,5.93
31,Rikitea,PF,2021-02-07 02:47:11,-23.1203,-134.9692,78.55,70,82,10.76
32,Port Lincoln,AU,2021-02-07 02:47:11,-34.7333,135.8667,63.73,64,95,12.53
33,Hobart,AU,2021-02-07 02:45:02,-42.8794,147.3294,69.01,48,40,18.41
34,New Norfolk,AU,2021-02-07 02:42:19,-42.7826,147.0587,69.01,48,55,3.0
35,Necochea,AR,2021-02-07 02:47:12,-38.5473,-58.7368,57.99,86,33,5.01
36,Camacha,PT,2021-02-07 02:44:04,33.0833,-16.3333,59.0,72,40,10.36
37,San Carlos Del Zulia,VE,2021-02-07 02:47:12,9.0,-71.9135,76.78,83,100,3.67
38,Suez,EG,2021-02-07 02:47:12,29.9737,32.5263,57.69,67,0,5.17
39,Bathsheba,BB,2021-02-07 02:47:13,13.2167,-59.5167,77.09,79,98,17.98
40,Avera,US,2021-02-07 02:47:13,33.194,-82.5271,41.0,89,90,11.5
41,Palmer,US,2021-02-07 02:47:13,42.1584,-72.3287,26.01,68,40,3.36
42,Terney,RU,2021-02-07 02:47:13,45.0503,136.6092,10.09,83,0,11.79
43,Puerto Ayora,EC,2021-02-07 02:42:20,-0.7393,-90.3518,77.0,94,53,6.51
44,Vanimo,PG,2021-02-07 02:45:27,-2.6741,141.3028,79.63,85,100,5.03
45,Pangoa,PE,2021-02-07 02:47:14,-12.1167,-73.0,69.73,96,83,1.48
46,Saldanha,ZA,2021-02-07 02:47:14,-33.0117,17.9442,64.4,88,3,6.91
47,Baie-Comeau,CA,2021-02-07 02:47:14,49.2168,-68.1489,21.2,63,1,14.97
48,Ribeira Grande,PT,2021-02-07 02:47:14,38.5167,-28.7,61.32,89,97,22.46
49,Bluff,NZ,2021-02-07 02:47:14,-46.6,168.3333,61.95,73,1,10.27
50,Konce,MK,2021-02-07 02:47:15,41.4958,22.385,44.4,83,38,2.68
51,Albany,US,2021-02-07 02:47:15,42.6001,-73.9662,21.99,49,0,2.55
52,Nanortalik,GL,2021-02-07 02:47:15,60.1432,-45.2371,25.97,90,100,7.45
53,Avarua,CK,2021-02-07 02:47:15,-21.2078,-159.775,86.0,70,34,10.36
54,Akhmim,EG,2021-02-07 02:47:15,26.5622,31.745,50.07,64,0,4.41
55,Saint-Augustin,CA,2021-02-07 02:47:15,51.226,-58.6502,31.19,98,100,20.0
56,Port Hardy,CA,2021-02-07 02:44:44,50.6996,-127.4199,42.8,75,75,11.5
57,Palana,RU,2021-02-07 02:47:16,59.1167,159.9667,21.04,91,100,31.72
58,Lompoc,US,2021-02-07 02:47:16,34.6391,-120.4579,54.0,87,1,6.91
59,Flinders,AU,2021-02-07 02:47:16,-34.5833,150.8552,82.99,44,40,11.5
60,Bethel,US,2021-02-07 02:47:16,41.3712,-73.414,30.0,68,1,4.61
61,Butaritari,KI,2021-02-07 02:47:17,3.0707,172.7902,80.91,81,65,21.21
62,Hay River,CA,2021-02-07 02:47:17,60.8156,-115.7999,-34.6,67,9,2.3
63,Skibbereen,IE,2021-02-07 02:47:17,51.55,-9.2667,35.6,87,20,8.05
64,Fukue,JP,2021-02-07 02:47:17,32.6881,128.8419,57.2,62,20,8.05
65,Sangre Grande,TT,2021-02-07 02:47:17,10.5835,-61.1177,77.0,73,40,5.75
66,Samoded,RU,2021-02-07 02:47:17,63.6083,40.5111,-13.68,88,2,7.4
67,Aklavik,CA,2021-02-07 02:46:13,68.2191,-135.0107,-18.4,76,100,5.75
68,Westport,US,2021-02-07 02:47:18,41.1415,-73.3579,37.4,44,1,3.44
69,Cidreira,BR,2021-02-07 02:47:18,-30.1811,-50.2056,67.46,76,76,6.78
70,Ostrovnoy,RU,2021-02-07 02:47:18,68.0531,39.5131,6.33,91,100,9.57
71,Chokurdakh,RU,2021-02-07 02:47:18,70.6333,147.9167,-23.22,85,81,4.97
72,Santa Fe,AR,2021-02-07 02:47:18,-31.6333,-60.7,73.99,65,0,6.08
73,Yadrin,RU,2021-02-07 02:47:18,55.9405,46.2062,-5.39,90,100,11.03
74,Ancud,CL,2021-02-07 02:47:19,-41.8697,-73.8203,62.6,45,0,10.36
75,Mishan,CN,2021-02-07 02:47:19,45.55,131.8833,1.62,89,7,10.8
76,Punta Arenas,CL,2021-02-07 02:47:19,-53.15,-70.9167,50.0,71,0,16.11
77,Caravelas,BR,2021-02-07 02:47:19,-17.7125,-39.2481,77.77,88,100,9.28
78,Mosetse,BW,2021-02-07 02:47:19,-20.75,26.65,68.79,84,83,8.41
79,Ballyshannon,IE,2021-02-07 02:47:19,54.5,-8.1833,39.99,88,100,7.0
80,Lebu,CL,2021-02-07 02:47:19,-37.6167,-73.65,57.51,93,19,2.21
81,Mineros,BO,2021-02-07 02:47:20,-17.1167,-63.2333,77.0,78,0,5.75
82,Gazli,UZ,2021-02-07 02:47:20,40.1333,63.45,45.43,75,100,6.35
83,Kalmunai,LK,2021-02-07 02:47:20,7.4167,81.8167,79.95,83,24,9.86
84,Busselton,AU,2021-02-07 02:47:20,-33.65,115.3333,62.01,93,100,4.0
85,San Pedro,PH,2021-02-07 02:47:20,14.35,121.0167,88.0,62,20,9.22
86,Georgetown,MY,2021-02-07 02:44:37,5.4112,100.3354,86.0,74,20,6.91
87,Huilong,CN,2021-02-07 02:47:20,31.8111,121.655,61.0,56,0,1.99
88,Amanganj,IN,2021-02-07 02:47:21,24.4333,80.0333,59.04,45,0,2.33
89,Langham,CA,2021-02-07 02:47:21,52.3668,-106.9679,-25.6,68,1,9.22
90,Pisco,PE,2021-02-07 02:47:21,-13.7,-76.2167,69.8,88,90,6.91
91,Pangnirtung,CA,2021-02-07 02:47:21,66.1451,-65.7125,23.61,80,81,3.47
92,Bambous Virieux,MU,2021-02-07 02:46:05,-20.3428,57.7575,77.0,88,40,5.75
93,Cockburn Town,TC,2021-02-07 02:47:21,21.4612,-71.1419,77.31,77,0,22.88
94,Richards Bay,ZA,2021-02-07 02:47:21,-28.783,32.0377,72.46,86,53,8.21
95,High Level,CA,2021-02-07 02:46:18,58.5169,-117.136,-27.4,75,1,1.14
96,Kruisfontein,ZA,2021-02-07 02:47:22,-34.0033,24.7314,66.0,84,2,1.01
97,Nova Ushytsya,UA,2021-02-07 02:47:23,48.8372,27.2743,22.6,93,100,9.22
98,Gat,IL,2021-02-07 02:47:01,31.61,34.7642,54.0,100,0,1.9
99,Port-Gentil,GA,2021-02-07 02:47:23,-0.7193,8.7815,81.36,79,85,13.47
100,Cao Bang,VN,2021-02-07 02:47:23,22.6667,106.25,74.03,54,4,4.88
101,Madingou,CG,2021-02-07 02:47:23,-4.1536,13.55,73.76,94,87,2.04
102,Leshan,CN,2021-02-07 02:47:23,29.5623,103.7639,61.93,49,3,0.74
103,Birao,CF,2021-02-07 02:47:24,10.2849,22.7882,57.7,33,0,8.01
104,Hailar,CN,2021-02-07 02:47:24,49.2,119.7,-8.07,85,2,4.5
105,Hilo,US,2021-02-07 02:47:24,19.7297,-155.09,77.0,57,75,6.91
106,Saint-Pierre,RE,2021-02-07 02:47:24,-21.3393,55.4781,77.0,73,0,6.91
107,Tasiilaq,GL,2021-02-07 02:47:24,65.6145,-37.6368,32.0,59,62,27.63
108,Aykhal,RU,2021-02-07 02:47:24,66.0,111.5,-29.54,82,20,8.39
109,Touros,BR,2021-02-07 02:47:24,-5.1989,-35.4608,77.0,83,20,3.44
110,Coahuayana,MX,2021-02-07 02:47:25,18.7333,-103.6833,70.34,83,0,2.3
111,Provideniya,RU,2021-02-07 02:47:25,64.3833,-173.3,-0.65,87,1,7.23
112,Yellowknife,CA,2021-02-07 02:47:25,62.456,-114.3525,-40.0,66,1,3.44
113,Kavieng,PG,2021-02-07 02:45:06,-2.5744,150.7967,85.42,65,62,5.41
114,Cabedelo,BR,2021-02-07 02:47:25,-6.9811,-34.8339,78.8,83,20,2.3
115,Kiunga,PG,2021-02-07 02:47:25,-6.1219,141.2906,94.06,46,76,8.08
116,Kapaa,US,2021-02-07 02:47:26,22.0752,-159.319,73.4,53,75,6.91
117,Gore,NZ,2021-02-07 02:47:26,-46.1028,168.9436,80.89,48,4,1.7
118,Pericos,MX,2021-02-07 02:45:11,25.05,-107.7,64.4,68,20,5.75
119,Amuntai,ID,2021-02-07 02:43:39,-2.4177,115.2494,86.09,76,93,0.56
120,East London,ZA,2021-02-07 02:47:26,-33.0153,27.9116,72.03,83,82,16.78
121,Cabo San Lucas,MX,2021-02-07 02:45:17,22.8909,-109.9124,68.0,68,20,3.44
122,Jardim,BR,2021-02-07 02:47:27,-21.4803,-56.1381,64.78,79,0,1.83
123,Cherskiy,RU,2021-02-07 02:47:27,68.75,161.3,-3.15,81,0,2.82
124,Tutoia,BR,2021-02-07 02:47:27,-2.7619,-42.2744,80.53,81,1,12.84
125,Esperance,AU,2021-02-07 02:47:27,-33.8667,121.9,62.6,88,75,17.27
126,Nouadhibou,MR,2021-02-07 02:47:27,20.931,-17.0347,60.8,72,0,21.85
127,Manta,EC,2021-02-07 02:47:27,-0.95,-80.7333,78.8,78,0,4.61
128,Mount Isa,AU,2021-02-07 02:42:47,-20.7333,139.5,78.8,94,90,9.22
129,Hof,DE,2021-02-07 02:47:28,50.3167,11.9167,28.99,96,100,7.0
130,Port Alfred,ZA,2021-02-07 02:47:28,-33.5906,26.891,68.0,86,33,7.0
131,Metro,ID,2021-02-07 02:47:28,-5.1131,105.3067,82.11,77,93,14.94
132,Grand Gaube,MU,2021-02-07 02:47:28,-20.0064,57.6608,77.0,85,2,1.99
133,Rawson,AR,2021-02-07 02:47:28,-43.3002,-65.1023,58.51,67,51,17.9
134,Qaanaaq,GL,2021-02-07 02:43:15,77.484,-69.3632,11.7,90,100,7.54
135,Carnarvon,AU,2021-02-07 02:47:29,-24.8667,113.6333,86.0,100,69,10.36
136,Yokadouma,CM,2021-02-07 02:47:29,3.5167,15.05,68.52,81,39,2.82
137,Victoria,HK,2021-02-07 02:45:01,22.2855,114.1577,75.99,84,0,1.99
138,Santiago Del Estero,AR,2021-02-07 02:47:29,-27.7951,-64.2615,75.0,57,0,4.0
139,Jiazi,CN,2021-02-07 02:47:29,22.8779,116.067,70.2,60,0,13.96
140,Abalak,RU,2021-02-07 02:47:30,58.1286,68.5944,28.81,99,100,11.56
141,Saint George,US,2021-02-07 02:47:17,37.1041,-113.5841,52.0,25,1,6.91
142,Ocos,GT,2021-02-07 02:47:30,14.5094,-92.1933,77.0,83,40,2.3
143,Moron,AR,2021-02-07 02:47:30,-34.6534,-58.6198,77.0,62,0,1.01
144,Guymon,US,2021-02-07 02:47:30,36.6828,-101.4816,26.6,74,1,11.5
145,Flagstaff,US,2021-02-07 02:47:30,35.1981,-111.6513,39.2,19,1,4.61
146,Joshimath,IN,2021-02-07 02:47:30,30.5667,79.5667,48.92,38,0,10.85
147,Van Buren,US,2021-02-07 02:47:31,35.4368,-94.3483,39.2,93,90,3.44
148,Souillac,MU,2021-02-07 02:43:08,-20.5167,57.5167,75.2,88,40,5.75
149,Vao,NC,2021-02-07 02:43:15,-22.6667,167.4833,78.46,79,0,8.86
150,Tessalit,ML,2021-02-07 02:47:31,20.1986,1.0114,66.87,23,100,5.61
151,Vestmanna,FO,2021-02-07 02:47:31,62.1564,-7.1664,33.8,64,20,18.41
152,Mogocha,RU,2021-02-07 02:47:31,53.7333,119.7667,-2.97,80,74,2.15
153,Cayenne,GF,2021-02-07 02:47:33,4.9333,-52.3333,77.0,100,75,3.44
154,Vaini,TO,2021-02-07 02:47:33,-21.2,-175.2,82.4,89,75,9.22
155,Karratha,AU,2021-02-07 02:47:33,-20.7377,116.8463,84.16,45,0,10.96
156,Zhigansk,RU,2021-02-07 02:47:33,66.7697,123.3711,-33.99,81,100,14.76
157,Dormont,US,2021-02-07 02:47:33,40.3959,-80.0331,24.01,46,75,3.44
158,Ambanja,MG,2021-02-07 02:43:42,-13.6833,48.45,73.63,89,71,3.56
159,Jensen Beach,US,2021-02-07 02:47:34,27.2545,-80.2298,73.4,83,75,10.36
160,Xining,CN,2021-02-07 02:47:34,36.6167,101.7667,28.31,61,77,2.35
161,Norman Wells,CA,2021-02-07 02:45:41,65.282,-126.8329,-29.2,75,75,2.3
162,Natal,BR,2021-02-07 02:47:34,-5.795,-35.2094,77.0,88,40,3.44
163,Dandong,CN,2021-02-07 02:47:34,40.1292,124.3947,27.09,82,0,15.14
164,Codrington,AU,2021-02-07 02:43:52,-38.2667,141.9667,62.92,62,92,14.0
165,Do Gonbadan,IR,2021-02-07 02:47:35,30.3586,50.7981,51.8,93,90,9.22
166,Manokwari,ID,2021-02-07 02:47:35,-0.8667,134.0833,77.76,87,100,1.95
167,Longyearbyen,SJ,2021-02-07 02:47:02,78.2186,15.6401,15.8,79,75,13.8
168,Russell,US,2021-02-07 02:42:45,32.3502,-85.1999,42.8,81,90,5.75
169,Geraldton,AU,2021-02-07 02:47:35,-28.7667,114.6,73.4,73,75,23.02
170,Hovd,MN,2021-02-07 02:47:35,48.0056,91.6419,12.78,87,0,1.5
171,Talnakh,RU,2021-02-07 02:47:35,69.4865,88.3972,-29.04,72,0,1.92
172,Hithadhoo,MV,2021-02-07 02:47:36,-0.6,73.0833,81.52,74,61,11.59
173,Jinka,ET,2021-02-07 02:43:48,5.65,36.65,68.59,48,65,3.11
174,Jamestown,US,2021-02-07 02:47:36,42.097,-79.2353,17.6,53,1,6.91
175,Andenes,NO,2021-02-07 02:44:11,69.3143,16.1194,33.8,69,100,18.41
176,Hamilton,US,2021-02-07 02:45:58,39.1834,-84.5333,30.2,59,20,5.73
177,Bredasdorp,ZA,2021-02-07 02:47:36,-34.5322,20.0403,66.2,88,98,3.44
178,Rawlins,US,2021-02-07 02:47:01,41.7911,-107.2387,30.0,50,40,32.21
179,Barranca,PE,2021-02-07 02:47:37,-10.75,-77.7667,69.98,78,100,5.17
180,Naze,JP,2021-02-07 02:47:37,28.3667,129.4833,68.0,60,40,11.5
181,Torbay,CA,2021-02-07 02:47:37,47.6666,-52.7314,37.99,93,90,23.02
182,Ridgecrest,US,2021-02-07 02:47:37,35.6225,-117.6709,57.2,15,1,0.92
183,Samarai,PG,2021-02-07 02:47:37,-10.6167,150.6667,85.5,72,43,4.47
184,San Cristobal,VE,2021-02-07 02:47:38,7.7669,-72.225,66.07,89,100,1.3
185,Kodiak,US,2021-02-07 02:47:38,57.79,-152.4072,35.6,64,1,5.75
186,Kudahuvadhoo,MV,2021-02-07 02:46:27,2.6708,72.8944,80.92,78,38,13.06
187,Maningrida,AU,2021-02-07 02:47:38,-12.0667,134.2667,84.25,70,100,13.27
188,Myitkyina,MM,2021-02-07 02:47:38,25.3833,97.4,69.49,38,0,2.26
189,Akdagmadeni,TR,2021-02-07 02:47:39,39.6603,35.8836,38.25,72,0,6.11
190,Grand-Santi,GF,2021-02-07 02:47:39,4.25,-54.3833,72.99,97,100,2.01
191,Castro,BR,2021-02-07 02:47:39,-24.7911,-50.0119,61.16,91,60,10.04
192,Shubarkuduk,KZ,2021-02-07 02:47:25,49.1447,56.4872,12.87,95,97,9.89
193,Salalah,OM,2021-02-07 02:46:20,17.0151,54.0924,73.4,68,75,1.14
194,Ponta Delgada,PT,2021-02-07 02:47:40,37.7333,-25.6667,59.0,94,75,18.41
195,Viedma,AR,2021-02-07 02:47:40,-40.8135,-62.9967,63.0,68,100,18.23
196,Namibe,AO,2021-02-07 02:47:40,-15.1961,12.1522,70.34,80,78,4.43
197,Nantucket,US,2021-02-07 02:45:34,41.2835,-70.0995,37.99,75,1,12.66
198,Salinopolis,BR,2021-02-07 02:43:02,-0.6136,-47.3561,78.98,88,77,9.24
199,Shache,CN,2021-02-07 02:43:47,38.4167,77.2406,33.76,73,3,4.03
200,Saint-Philippe,RE,2021-02-07 02:47:41,-21.3585,55.7679,77.0,73,0,6.91
201,Padang,ID,2021-02-07 02:47:41,-0.9492,100.3543,86.0,62,20,3.44
202,Tautira,PF,2021-02-07 02:47:41,-17.7333,-149.15,84.2,65,20,13.8
203,Svetlyy,RU,2021-02-07 02:47:41,54.675,20.1347,-2.2,84,0,2.24
204,Biak,ID,2021-02-07 02:47:41,-0.9131,122.8766,84.45,63,100,1.45
205,Dhuburi,IN,2021-02-07 02:47:41,26.0333,89.9667,65.77,51,93,5.06
206,Neiafu,TO,2021-02-07 02:47:42,-18.65,-173.9833,77.0,94,90,11.5
207,Babushkin,RU,2021-02-07 02:47:42,51.7122,105.8647,16.45,89,80,1.77
208,Arraial Do Cabo,BR,2021-02-07 02:43:33,-22.9661,-42.0278,75.04,83,99,2.82
209,Middlebury,US,2021-02-07 02:47:42,44.0153,-73.1673,21.2,53,40,4.61
210,Ndioum,SN,2021-02-07 02:47:42,16.5129,-14.6471,63.12,33,83,11.9
211,Dingle,PH,2021-02-07 02:42:43,10.9995,122.6711,81.81,80,86,13.82
212,Kavaratti,IN,2021-02-07 02:47:42,10.5669,72.642,81.46,60,81,9.35
213,Am Timan,TD,2021-02-07 02:47:43,11.0297,20.2827,61.27,29,42,7.85
214,Chicama,PE,2021-02-07 02:47:43,-7.8447,-79.1469,72.91,68,100,4.99
215,Kesova Gora,RU,2021-02-07 02:47:43,57.5836,37.2922,-3.89,92,100,11.95
216,Sorong,ID,2021-02-07 02:47:43,-0.8833,131.25,84.11,69,100,1.28
217,Morondava,MG,2021-02-07 02:47:43,-20.2833,44.2833,80.55,79,1,8.34
218,San Quintin,MX,2021-02-07 02:47:10,30.4833,-115.95,59.83,72,0,4.94
219,Messina,IT,2021-02-07 02:44:15,38.1933,15.5497,62.01,39,40,9.22
220,Porangatu,BR,2021-02-07 02:46:24,-13.4408,-49.1486,69.73,98,100,4.61
221,Hasaki,JP,2021-02-07 02:44:41,35.7333,140.8333,61.0,36,20,5.75
222,Manaus,BR,2021-02-07 02:47:44,-3.1019,-60.025,77.0,94,75,2.3
223,Umm Lajj,SA,2021-02-07 02:47:44,25.0213,37.2685,66.94,51,0,19.6
224,Iralaya,HN,2021-02-07 02:47:45,15.0,-83.2333,78.37,82,0,11.03
225,Miandrivazo,MG,2021-02-07 02:47:45,-19.5167,45.4667,76.71,84,99,2.39
226,Jasper,US,2021-02-07 02:44:31,37.2001,-94.3502,25.0,80,90,12.66
227,Srandakan,ID,2021-02-07 02:42:52,-7.9386,110.2506,87.71,60,8,2.42
228,Taoudenni,ML,2021-02-07 02:47:45,22.6783,-3.9836,59.09,36,79,9.89
229,Chebenki,RU,2021-02-07 02:47:45,51.9337,55.7077,6.8,78,90,11.18
230,Coquimbo,CL,2021-02-07 02:47:46,-29.9533,-71.3436,59.0,82,0,5.75
231,Empalme,MX,2021-02-07 02:47:46,27.9667,-110.8167,64.0,77,1,11.5
232,Kontagora,NG,2021-02-07 02:44:15,10.3999,5.4695,71.1,23,61,4.99
233,Mukhen,RU,2021-02-07 02:47:46,48.1,136.1,-2.33,87,100,3.6
234,Marawi,PH,2021-02-07 02:47:46,7.9986,124.2928,81.0,83,82,5.99
235,Haverfordwest,GB,2021-02-07 02:47:46,51.8017,-4.9691,39.0,90,93,10.0
236,Abbeville,FR,2021-02-07 02:47:47,50.1,1.8333,35.01,84,100,11.25
237,Magugu,TZ,2021-02-07 02:47:47,-4.0167,35.7667,67.62,86,100,2.01
238,Vuktyl,RU,2021-02-07 02:47:47,63.8567,57.3094,-23.1,86,100,11.61
239,Chandur Bazar,IN,2021-02-07 02:47:47,21.2417,77.7456,65.89,27,0,6.49
240,Kigoma,TZ,2021-02-07 02:47:47,-4.8769,29.6267,68.0,100,20,2.35
241,Saskylakh,RU,2021-02-07 02:47:47,71.9167,114.0833,-42.25,78,22,7.87
242,Bubaque,GW,2021-02-07 02:45:46,11.2833,-15.8333,77.7,53,42,23.53
243,Altay,CN,2021-02-07 02:47:48,47.8667,88.1167,23.13,86,0,1.79
244,Igarka,RU,2021-02-07 02:47:48,67.4667,86.5833,-22.54,84,7,10.27
245,Severo-Kurilsk,RU,2021-02-07 02:47:48,50.6789,156.125,22.48,93,93,23.04
246,Bismil,TR,2021-02-07 02:47:48,37.8486,40.6658,32.0,100,0,3.15
247,Katobu,ID,2021-02-07 02:47:48,-4.9408,122.5276,86.67,66,100,5.26
248,Leisure City,US,2021-02-07 02:47:49,25.4954,-80.4292,72.0,94,40,4.61
249,Sambava,MG,2021-02-07 02:47:49,-14.2667,50.1667,74.68,89,87,4.63
250,Sao Filipe,CV,2021-02-07 02:47:49,14.8961,-24.4956,69.21,74,18,12.66
251,Nabire,ID,2021-02-07 02:47:49,-3.3667,135.4833,81.55,74,100,1.52
252,Hualmay,PE,2021-02-07 02:47:49,-11.0964,-77.6139,70.77,79,100,7.61
253,Cootamundra,AU,2021-02-07 02:47:50,-34.65,148.0333,80.01,46,63,3.0
254,Parauna,BR,2021-02-07 02:47:50,-16.9478,-50.4486,69.82,92,100,4.83
255,Khatanga,RU,2021-02-07 02:47:50,71.9667,102.5,-34.96,78,0,8.88
256,Hofn,IS,2021-02-07 02:47:50,64.2539,-15.2082,32.5,93,93,19.6
257,Nioro,GM,2021-02-07 02:47:51,13.35,-15.75,67.03,27,73,8.32
258,Chifeng,CN,2021-02-07 02:47:51,42.2683,118.9636,12.67,85,0,9.24
259,Kavaje,AL,2021-02-07 02:47:52,41.1856,19.5569,41.0,93,83,3.44
260,Port Macquarie,AU,2021-02-07 02:47:52,-31.4333,152.9167,86.0,47,99,4.0
261,Sembakung,ID,2021-02-07 02:47:52,3.8167,117.25,82.4,83,75,5.75
262,Keelung,TW,2021-02-07 02:47:52,25.1283,121.7419,78.8,61,20,9.22
263,Kununurra,AU,2021-02-07 02:45:15,-15.7667,128.7333,87.8,74,75,3.44
264,Bontang,ID,2021-02-07 02:47:52,0.1333,117.5,83.86,68,100,6.91
265,Puerto Del Rosario,ES,2021-02-07 02:45:21,28.5004,-13.8627,59.0,72,0,10.36
266,Airai,TL,2021-02-07 02:47:53,-8.9266,125.4092,73.89,73,54,5.86
267,Wasilla,US,2021-02-07 02:44:36,61.5814,-149.4394,14.0,85,1,1.57
268,Ahipara,NZ,2021-02-07 02:47:24,-35.1667,173.1667,68.68,67,96,1.72
269,Deputatskiy,RU,2021-02-07 02:47:53,69.3,139.9,-29.54,84,56,1.34
270,Port Elizabeth,ZA,2021-02-07 02:47:54,-33.918,25.5701,68.0,77,0,13.8
271,Vila Velha,BR,2021-02-07 02:43:46,-20.3297,-40.2925,82.0,88,90,5.75
272,Turbat,PK,2021-02-07 02:47:54,26.0023,63.044,55.54,41,0,2.68
273,San Policarpo,PH,2021-02-07 02:47:54,12.1791,125.5072,81.54,84,99,14.7
274,Lazaro Cardenas,MX,2021-02-07 02:47:54,17.9583,-102.2,73.26,76,0,1.57
275,Port Blair,IN,2021-02-07 02:46:41,11.6667,92.75,82.26,67,0,10.22
276,Chuy,UY,2021-02-07 02:47:54,-33.6971,-53.4616,66.29,91,0,7.81
277,Isangel,VU,2021-02-07 02:47:55,-19.55,169.2667,86.0,79,20,5.75
278,Batagay-Alyta,RU,2021-02-07 02:47:55,67.8006,130.4114,-22.86,84,100,1.99
279,Proletariy,RU,2021-02-07 02:47:55,58.4342,31.7046,6.78,94,98,7.18
280,Chapais,CA,2021-02-07 02:47:40,49.7834,-74.8492,8.6,85,20,6.91
281,Eldorado,BR,2021-02-07 02:46:31,-23.7869,-54.2836,63.0,74,0,2.06
282,Arrifes,PT,2021-02-07 02:47:55,37.7667,-25.7,59.0,94,75,18.41
283,Acucena,BR,2021-02-07 02:47:56,-19.0731,-42.5464,69.24,95,100,3.49
284,Coffeyville,US,2021-02-07 02:46:11,37.0373,-95.6164,26.6,68,90,12.66
285,Moussoro,TD,2021-02-07 02:47:56,13.6408,16.4901,62.35,26,82,11.43
286,Coelho Neto,BR,2021-02-07 02:45:44,-4.2567,-43.0128,74.79,87,3,2.75
287,Mattru,SL,2021-02-07 02:47:56,7.6244,-11.8332,74.12,84,53,1.59
288,Chumikan,RU,2021-02-07 02:47:56,54.7183,135.315,-5.67,85,100,13.91
289,Raga,SS,2021-02-07 02:47:57,8.4596,25.678,53.65,39,1,3.13
290,Bollnas,SE,2021-02-07 02:47:57,61.3482,16.3946,3.0,97,16,5.01
291,Beringovskiy,RU,2021-02-07 02:47:06,63.05,179.3167,-7.49,90,67,11.59
292,Salumbar,IN,2021-02-07 02:47:57,24.1333,74.05,57.72,35,0,7.4
293,Dhidhdhoo,MV,2021-02-07 02:47:57,6.8833,73.1,81.28,69,3,10.49
294,Hrubieszow,PL,2021-02-07 02:47:57,50.805,23.8925,11.93,91,98,10.78
295,Baykit,RU,2021-02-07 02:47:58,61.67,96.37,20.97,94,100,5.41
296,Matara,LK,2021-02-07 02:47:58,5.9485,80.5353,77.94,82,76,4.34
297,Podgorica,ME,2021-02-07 02:47:58,42.4411,19.2636,46.4,87,0,2.3
298,Smirnykh,RU,2021-02-07 02:47:58,49.75,142.8333,6.58,87,4,7.02
299,Svetlaya,RU,2021-02-07 02:47:58,46.5389,138.3297,13.3,83,85,7.2
300,Hendersonville,US,2021-02-07 02:45:37,36.3048,-86.62,44.01,58,100,1.99
301,Zhezkazgan,KZ,2021-02-07 02:46:44,47.8043,67.7144,12.83,94,35,14.94
302,Yaviza,PA,2021-02-07 02:47:58,8.1537,-77.6931,76.28,87,99,1.79
303,Korla,CN,2021-02-07 02:47:59,41.7597,86.1469,32.79,78,25,4.38
304,Ketchikan,US,2021-02-07 02:47:59,55.3422,-131.6461,37.4,86,90,9.22
305,Upernavik,GL,2021-02-07 02:47:59,72.7868,-56.1549,19.36,76,1,5.41
306,Linfen,CN,2021-02-07 02:47:59,36.0889,111.5189,49.23,40,100,0.92
307,Kizukuri,JP,2021-02-07 02:47:59,40.8061,140.3861,35.01,100,75,8.05
308,Clyde River,CA,2021-02-07 02:47:59,70.4692,-68.5914,-9.4,77,75,3.44
309,Rocha,UY,2021-02-07 02:47:59,-34.4833,-54.3333,63.01,93,2,3.85
310,Wanning,CN,2021-02-07 02:47:59,18.8003,110.3967,74.28,68,16,5.32
311,Zaraza,VE,2021-02-07 02:48:00,9.3503,-65.3245,74.41,79,98,6.24
312,Khandyga,RU,2021-02-07 02:48:00,62.6667,135.6,-20.18,85,96,1.7
313,Poum,NC,2021-02-07 02:48:00,-20.2333,164.0167,80.55,67,0,6.35
314,Thompson,CA,2021-02-07 02:48:00,55.7435,-97.8558,-29.2,68,40,12.66
315,Vostok,RU,2021-02-07 02:48:00,46.4856,135.8833,-2.6,88,100,4.52
316,Cafelandia,BR,2021-02-07 02:48:00,-21.8025,-49.61,69.4,80,20,8.66
317,Shimoda,JP,2021-02-07 02:48:01,34.6667,138.95,57.2,58,20,4.61
318,Alta Floresta,BR,2021-02-07 02:48:01,-9.8756,-56.0861,71.38,99,100,2.42
319,Sivaki,RU,2021-02-07 02:48:01,52.6333,126.75,-8.14,86,0,6.71
320,Nouakchott,MR,2021-02-07 02:48:01,18.0858,-15.9785,59.0,38,1,11.5
321,Carballo,ES,2021-02-07 02:46:10,43.213,-8.691,41.0,95,93,3.04
322,Mount Gambier,AU,2021-02-07 02:48:01,-37.8333,140.7667,64.4,55,90,14.97
323,Mangrol,IN,2021-02-07 02:48:02,21.1167,70.1167,67.01,34,0,15.1
324,Tilichiki,RU,2021-02-07 02:48:02,60.4667,166.1,20.66,89,100,17.45
325,Yulara,AU,2021-02-07 02:48:02,-25.2406,130.9889,87.8,22,0,16.11
326,Porto Novo,BJ,2021-02-07 02:48:02,6.4965,2.6036,84.2,84,40,12.66
327,Nichinan,JP,2021-02-07 02:48:02,31.6,131.3667,60.8,48,20,20.71
328,Port Hedland,AU,2021-02-07 02:46:05,-20.3167,118.5667,87.8,51,40,10.36
329,Constitucion,CL,2021-02-07 02:48:03,-35.3333,-72.4167,56.59,90,19,4.68
330,Kungurtug,RU,2021-02-07 02:48:03,50.5994,97.5228,10.13,88,0,1.5
331,Tazovskiy,RU,2021-02-07 02:48:03,67.4667,78.7,-24.34,85,76,11.32
332,Sarakhs,IR,2021-02-07 02:48:03,36.5449,61.1577,42.8,87,75,4.61
333,Nyurba,RU,2021-02-07 02:48:03,63.2842,118.3319,-22.4,86,90,2.71
334,Belyy Yar,RU,2021-02-07 02:48:03,53.6039,91.3903,5.0,85,2,4.47
335,Bengkulu,ID,2021-02-07 02:48:04,-3.8004,102.2655,86.02,54,94,5.86
336,Acapulco,MX,2021-02-07 02:43:41,16.8634,-99.8901,80.6,74,1,4.61
337,Kenai,US,2021-02-07 02:48:04,60.5544,-151.2583,17.6,86,90,4.61
338,Sabha,LY,2021-02-07 02:48:04,27.0377,14.4283,58.19,32,13,14.23
339,Grande Prairie,CA,2021-02-07 02:45:00,55.1667,-118.8027,-27.4,75,20,3.44
340,Tura,IN,2021-02-07 02:48:04,25.5198,90.2201,67.73,44,100,2.48
341,Gryazi,RU,2021-02-07 02:48:04,52.4966,39.9359,-7.37,90,4,9.22
342,Porbandar,IN,2021-02-07 02:48:05,21.6422,69.6093,53.6,62,0,4.61
343,Thunder Bay,CA,2021-02-07 02:45:07,48.4001,-89.3168,-7.01,59,90,12.66
344,Troitsko-Pechorsk,RU,2021-02-07 02:48:05,62.7084,56.1964,-18.67,88,100,11.03
345,Ixtapa,MX,2021-02-07 02:48:05,20.7,-105.2,72.0,83,40,5.75
346,Sisimiut,GL,2021-02-07 02:47:14,66.9395,-53.6735,27.1,79,0,23.0
347,Dunedin,NZ,2021-02-07 02:48:05,-45.8742,170.5036,61.0,78,0,28.99
348,Moyale,KE,2021-02-07 02:48:06,3.5167,39.0584,67.42,56,72,4.45
349,Daloa,CI,2021-02-07 02:48:06,6.8774,-6.4502,76.46,85,39,6.53
350,Alice Springs,AU,2021-02-07 02:48:06,-23.7,133.8833,89.01,23,3,14.97
351,Moindou,NC,2021-02-07 02:48:06,-21.6924,165.677,86.0,66,75,10.36
352,Ivanivka,UA,2021-02-07 02:48:06,46.7208,34.553,27.93,83,99,8.19
353,Bhatkal,IN,2021-02-07 02:48:06,13.9667,74.5667,78.06,40,29,3.96
354,Camocim,BR,2021-02-07 02:44:42,-2.9022,-40.8411,78.17,83,0,10.98
355,El Alto,PE,2021-02-07 02:48:07,-4.2714,-81.2147,72.95,79,59,15.26
356,Sulangan,PH,2021-02-07 02:48:07,11.1373,123.7228,81.07,81,57,12.55
357,Tripoli,LY,2021-02-07 02:48:07,32.8752,13.1875,69.42,33,100,13.71
358,Celestun,MX,2021-02-07 02:48:07,20.8667,-90.4,73.71,84,0,5.84
359,Bodden Town,KY,2021-02-07 02:48:07,19.2833,-81.25,80.6,78,20,9.22
360,Kaitong,CN,2021-02-07 02:48:07,44.8135,123.15,9.3,86,0,7.49
361,Kahului,US,2021-02-07 02:48:08,20.8947,-156.47,77.0,50,40,11.5
362,Dolores,AR,2021-02-07 02:48:08,-36.3132,-57.6792,60.57,94,0,6.29
363,Rundu,NA,2021-02-07 02:48:08,-17.9333,19.7667,67.89,92,76,2.95
364,Tual,ID,2021-02-07 02:48:08,-5.6667,132.75,83.64,79,100,21.18
365,Helsinge,DK,2021-02-07 02:48:08,56.0228,12.1975,19.99,74,0,8.99
366,Sorland,NO,2021-02-07 02:48:09,67.667,12.6934,34.72,83,26,15.77
367,Rumonge,BI,2021-02-07 02:48:09,-3.9736,29.4386,73.63,70,100,3.24
368,Port Augusta,AU,2021-02-07 02:43:17,-32.5,137.7667,78.01,64,75,16.11
369,Pingxiang,CN,2021-02-07 02:48:09,27.6167,113.85,61.09,72,83,3.15
370,Axim,GH,2021-02-07 02:48:09,4.8699,-2.2405,79.43,87,65,9.84
371,Arlit,NE,2021-02-07 02:48:09,18.7369,7.3853,61.36,26,70,4.47
372,Jalu,LY,2021-02-07 02:48:09,29.0331,21.5482,57.18,44,0,9.17
373,Kismayo,SO,2021-02-07 02:44:29,-0.3582,42.5454,75.69,86,11,11.32
374,Hurghada,EG,2021-02-07 02:48:10,27.2574,33.8129,61.56,58,0,9.48
375,Wiang Sa,TH,2021-02-07 02:48:10,8.6359,99.3666,84.99,84,26,1.45
376,Ravar,IR,2021-02-07 02:48:10,31.2656,56.8055,49.41,40,0,4.43
377,Bud,US,2021-02-07 02:47:15,39.447,-86.1758,21.0,67,100,12.01
378,Grindavik,IS,2021-02-07 02:48:10,63.8424,-22.4338,33.8,60,0,18.41
379,Mahanoro,MG,2021-02-07 02:44:25,-19.9,48.8,76.17,90,37,7.38
380,Vallenar,CL,2021-02-07 02:48:11,-28.5708,-70.7581,61.59,69,0,1.01
381,Tolaga Bay,NZ,2021-02-07 02:48:11,-38.3667,178.3,65.16,60,99,7.58
382,Melilla,ES,2021-02-07 02:48:11,35.2937,-2.9383,55.4,62,0,3.44
383,Husavik,IS,2021-02-07 02:48:11,66.0449,-17.3389,33.8,75,75,5.75
384,Innisfail,AU,2021-02-07 02:48:11,-17.5333,146.0333,87.17,69,80,7.78
385,Burnie,AU,2021-02-07 02:48:11,-41.0667,145.9167,72.0,85,3,5.01
386,Taltal,CL,2021-02-07 02:46:46,-25.4,-70.4833,63.68,76,6,1.59
387,El Fuerte,MX,2021-02-07 02:48:12,26.4189,-108.6194,69.01,38,58,4.56
388,Garissa,KE,2021-02-07 02:48:12,-0.4536,39.6401,74.8,75,6,7.65
389,Ukiah,US,2021-02-07 02:48:01,39.1502,-123.2078,57.2,58,1,3.44
390,Yatou,CN,2021-02-07 02:43:46,37.15,122.3833,36.93,72,0,19.08
391,Calvinia,ZA,2021-02-07 02:48:12,-31.4707,19.776,58.87,85,0,2.98
392,Jalcocotan,MX,2021-02-07 02:48:13,21.4667,-105.1167,61.72,82,0,2.48
393,Bukama,CD,2021-02-07 02:48:13,-9.2,25.85,69.67,96,100,1.14
394,La Ronge,CA,2021-02-07 02:44:03,55.1001,-105.2842,-25.6,68,33,5.75
395,Sioux Lookout,CA,2021-02-07 02:48:13,50.1001,-91.917,-14.8,64,90,13.8
396,Trairi,BR,2021-02-07 02:48:13,-3.2778,-39.2689,76.96,85,29,5.75
397,Bucerias,MX,2021-02-07 02:48:13,20.75,-105.3333,72.0,83,40,5.75
398,Starosubkhangulovo,RU,2021-02-07 02:48:13,53.1031,57.4423,0.36,88,100,14.76
399,Praia,CV,2021-02-07 02:46:43,14.9215,-23.5087,68.0,60,75,23.02
400,Saint-Georges,GD,2021-02-07 02:44:33,12.0564,-61.7485,78.8,73,20,11.5
401,Beresti-Tazlau,RO,2021-02-07 02:48:14,46.4667,26.6667,28.4,93,90,5.75
402,Jacareacanga,BR,2021-02-07 02:48:14,-6.2222,-57.7528,74.03,94,100,3.0
403,Lavaltrie,CA,2021-02-07 02:48:14,45.8834,-73.2824,19.0,57,0,9.22
404,Basco,PH,2021-02-07 02:48:14,20.4487,121.9702,74.46,88,83,22.39
405,Corinto,GR,2021-02-07 02:48:14,37.9407,22.9573,53.01,54,99,1.01
406,Roebourne,AU,2021-02-07 02:43:38,-20.7833,117.1333,85.15,43,0,10.83
407,Borba,BR,2021-02-07 02:48:14,-4.3878,-59.5939,75.09,97,99,2.53
408,Oksovskiy,RU,2021-02-07 02:48:15,62.6062,39.8984,-11.15,88,56,7.9
409,Sosnovka,RU,2021-02-07 02:48:15,56.255,51.2842,-6.09,89,100,10.47
410,Chake Chake,TZ,2021-02-07 02:48:15,-5.2459,39.7666,77.88,81,63,6.26
411,Dire,ML,2021-02-07 02:48:15,12.2833,-10.9667,71.73,22,97,2.28
412,Ruteng,ID,2021-02-07 02:48:16,-8.6136,120.4721,74.1,82,89,2.91
413,Kirando,TZ,2021-02-07 02:48:16,-7.4167,30.6,72.18,81,100,6.44
414,Sidi Ali,DZ,2021-02-07 02:48:16,36.0998,0.4206,50.92,86,100,12.75
415,Lagoa,PT,2021-02-07 02:48:16,39.05,-27.9833,60.26,91,97,27.47
416,Harwich,GB,2021-02-07 02:48:16,51.9419,1.2844,37.0,85,100,24.0
417,Alexandria,EG,2021-02-07 02:47:45,31.2156,29.9553,57.99,86,1,2.17
418,Riyadh,SA,2021-02-07 02:47:03,24.6877,46.7219,55.4,76,0,3.44
419,Novoagansk,RU,2021-02-07 02:48:17,61.9449,76.6625,32.14,98,100,14.54
420,Itoman,JP,2021-02-07 02:48:17,26.1247,127.6694,71.6,73,40,11.5
421,Nzega,RW,2021-02-07 02:48:17,-2.479,29.5564,56.98,87,86,4.25
422,Kyren,RU,2021-02-07 02:48:17,51.6828,102.1408,14.67,84,31,1.12
423,Lorengau,PG,2021-02-07 02:48:18,-2.0226,147.2712,86.61,67,96,6.46
424,Hervey Bay,AU,2021-02-07 02:48:18,-25.2986,152.8535,91.0,45,3,12.66
425,Asfi,MA,2021-02-07 02:48:18,32.2994,-9.2372,55.92,71,8,8.95
426,Jutai,BR,2021-02-07 02:48:18,-5.1833,-68.9,74.53,92,82,1.72
427,Makakilo City,US,2021-02-07 02:48:18,21.3469,-158.0858,78.8,41,1,14.97
428,Ushumun,RU,2021-02-07 02:48:18,52.7833,126.5333,-8.82,86,0,6.6
429,Comarapa,BO,2021-02-07 02:48:19,-17.9,-64.4833,57.06,95,91,0.78
430,Warrington,GB,2021-02-07 02:48:04,53.3925,-2.5802,39.0,87,90,18.41
431,Belomorsk,RU,2021-02-07 02:48:19,64.5232,34.7668,8.49,95,100,5.19
432,Saint-Joseph,RE,2021-02-07 02:48:19,-21.3667,55.6167,77.0,73,0,6.91
433,Daru,PG,2021-02-07 02:48:19,-9.0763,143.2092,90.57,59,17,7.67
434,Alyangula,AU,2021-02-07 02:48:19,-13.8483,136.4192,84.2,74,90,19.57
435,Gambela,ET,2021-02-07 02:48:19,8.25,34.5833,71.58,23,36,1.21
436,Sitka,US,2021-02-07 02:48:20,57.0531,-135.33,32.0,55,20,5.75
437,Kerema,PG,2021-02-07 02:48:20,-7.9631,145.7785,86.34,66,66,7.67
438,Muyezerskiy,RU,2021-02-07 02:48:20,63.9333,31.65,12.72,95,100,9.62
439,Fort Nelson,CA,2021-02-07 02:45:07,58.8053,-122.7002,-23.8,76,1,2.3
440,Flores,GT,2021-02-07 02:48:20,16.9226,-89.8994,71.62,79,0,1.59
441,Faya,SA,2021-02-07 02:48:20,18.3851,42.4509,48.2,81,40,1.05
442,Sabya,SA,2021-02-07 02:48:21,17.1495,42.6254,71.6,83,40,2.8
443,Ogembo,KE,2021-02-07 02:48:21,-0.7984,34.7253,64.92,63,89,1.59
444,Jian,CN,2021-02-07 02:48:21,27.1172,114.9793,66.43,62,4,2.15
445,Erenhot,CN,2021-02-07 02:48:21,43.6475,111.9767,10.74,92,0,7.45
446,Broken Hill,AU,2021-02-07 02:48:17,-31.95,141.4333,73.4,43,0,16.11
447,Marrakesh,MA,2021-02-07 02:45:41,31.6315,-8.0083,48.2,81,75,6.91
448,Maslovare,BA,2021-02-07 02:47:01,44.5656,17.5336,41.0,93,0,2.3
449,Ust-Tsilma,RU,2021-02-07 02:46:30,65.441,52.1498,-33.21,80,97,8.55
450,Tuatapere,NZ,2021-02-07 02:48:22,-46.1333,167.6833,69.6,52,6,7.78
451,Pasighat,IN,2021-02-07 02:48:22,28.0667,95.3333,70.65,26,12,0.56
452,Micheweni,TZ,2021-02-07 02:48:22,-4.9667,39.8333,80.83,75,79,9.28
453,Coihaique,CL,2021-02-07 02:43:58,-45.5752,-72.0662,62.6,51,0,18.41
454,Sur,OM,2021-02-07 02:48:22,22.5667,59.5289,62.62,66,0,7.0
455,Jinchang,CN,2021-02-07 02:48:04,38.4953,102.1739,37.44,52,0,3.58
456,Bratsk,RU,2021-02-07 02:48:23,56.1325,101.6142,14.0,79,75,4.47
457,Kikwit,CD,2021-02-07 02:48:23,-5.041,18.8162,72.82,88,100,0.94
458,Ibra,OM,2021-02-07 02:48:23,22.6906,58.5334,48.76,80,0,1.25
459,Palaikastron,GR,2021-02-07 02:48:23,35.2,26.25,59.22,63,59,7.63
460,Pacific Grove,US,2021-02-07 02:48:00,36.6177,-121.9166,53.6,94,75,4.61
461,Meulaboh,ID,2021-02-07 02:48:23,4.1363,96.1285,83.5,71,67,3.31
462,Basirpur,PK,2021-02-07 02:48:24,30.5832,73.829,55.8,42,0,3.13
463,Xuanzhou,CN,2021-02-07 02:48:24,30.9525,118.7553,60.89,50,0,4.81
464,Asau,RO,2021-02-07 02:48:24,46.4333,26.4,27.0,74,100,3.22
465,Juybar,IR,2021-02-07 02:48:24,36.6412,52.9124,51.76,83,100,1.92
466,Kloulklubed,PW,2021-02-07 02:48:24,7.0419,134.2556,82.4,89,75,14.97
467,Petropavlovsk-Kamchatskiy,RU,2021-02-07 02:48:24,53.0452,158.6483,24.8,80,40,6.71
468,Staryy Nadym,RU,2021-02-07 02:48:25,65.6118,72.6842,-13.0,90,100,17.98
469,Solano,US,2021-02-07 02:48:25,38.2333,-121.9511,55.0,58,1,3.51
470,Puerto Montt,CL,2021-02-07 02:46:14,-41.4698,-72.9447,59.0,72,0,8.05
471,Nyimba,ZM,2021-02-07 02:48:25,-14.5566,30.8149,67.59,93,100,3.33
472,Tongchuan,CN,2021-02-07 02:48:25,35.0806,109.0897,47.44,44,100,5.68
473,Bonoua,CI,2021-02-07 02:48:25,5.2741,-3.595,80.6,94,20,11.5
474,Awjilah,LY,2021-02-07 02:46:16,29.1081,21.2869,57.56,43,0,9.15
475,Mbini,GQ,2021-02-07 02:48:26,1.574,9.6134,78.8,89,59,4.61
476,Half Moon Bay,US,2021-02-07 02:48:26,37.4636,-122.4286,57.99,82,1,6.91
477,Pijino,CO,2021-02-07 02:48:26,9.3291,-74.453,80.4,73,94,3.96
478,Inhambane,MZ,2021-02-07 02:48:26,-23.865,35.3833,75.94,89,86,7.0
479,Kokopo,PG,2021-02-07 02:48:26,-4.352,152.2633,86.56,65,98,10.8
480,Acarau,BR,2021-02-07 02:48:26,-2.8856,-40.12,77.31,85,46,9.35
481,Sauk Rapids,US,2021-02-07 02:48:26,45.5919,-94.1661,-11.2,64,1,13.8
482,Kisangani,CD,2021-02-07 02:48:27,0.5167,25.2,68.86,67,19,3.33
483,Ochakiv,UA,2021-02-07 02:48:27,46.6128,31.5498,26.6,80,40,6.71
484,Srednekolymsk,RU,2021-02-07 02:48:27,67.45,153.6833,-13.0,84,0,1.59
485,Guozhen,CN,2021-02-07 02:48:27,34.3659,107.359,54.05,33,100,4.68
486,Dezhou,CN,2021-02-07 02:48:28,37.4486,116.2925,40.28,64,3,13.06
487,Nuuk,GL,2021-02-07 02:48:29,64.1835,-51.7216,33.8,47,20,18.41
488,Hobyo,SO,2021-02-07 02:48:29,5.3505,48.5268,76.23,82,0,13.94
489,Abu Samrah,SY,2021-02-07 02:48:29,35.3029,37.1841,48.27,75,0,4.7
490,Kalaikunda,IN,2021-02-07 02:48:29,22.35,87.25,69.04,54,41,6.93
491,Saint Stephen,GB,2021-02-07 02:48:29,50.3333,-4.9,37.0,93,40,5.75
492,Lawigan,PH,2021-02-07 02:48:29,10.487,122.0354,85.51,66,42,14.88
493,Lumphat,KH,2021-02-07 02:47:28,13.4878,106.9816,83.98,47,76,7.54
494,Bantry,IE,2021-02-07 02:48:29,51.6833,-9.45,35.6,87,20,8.05
495,Porto Walter,BR,2021-02-07 02:48:30,-8.2686,-72.7439,74.5,91,100,1.77
496,Vila Franca Do Campo,PT,2021-02-07 02:48:30,37.7167,-25.4333,59.0,94,75,18.41
497,Contai,IN,2021-02-07 02:48:30,21.7786,87.7536,67.86,58,0,6.73
498,Derzhavinsk,KZ,2021-02-07 02:44:19,51.1,66.3167,5.54,92,100,24.65
499,Vardo,NO,2021-02-07 02:48:30,70.3705,31.1107,26.58,91,100,29.53
500,Praia Da Vitoria,PT,2021-02-07 02:48:30,38.7333,-27.0667,60.8,82,20,14.25
501,Letterkenny,IE,2021-02-07 02:46:24,54.95,-7.7333,35.33,87,69,9.26
502,Rostovka,RU,2021-02-07 02:48:31,55.3842,71.8891,25.21,95,100,26.71
503,Kupang,ID,2021-02-07 02:48:31,-10.1667,123.5833,84.2,84,75,10.36
504,Darhan,MN,2021-02-07 02:48:31,49.4867,105.9228,3.76,88,41,7.05
505,Howard Springs,AU,2021-02-07 02:48:31,-12.497,131.047,87.01,89,75,12.66
506,Portage,US,2021-02-07 02:48:31,41.1667,-81.1998,15.01,79,1,2.42
507,Challans,FR,2021-02-07 02:48:31,46.8436,-1.8749,39.99,93,40,3.44
508,Tromso,NO,2021-02-07 02:48:32,69.6496,18.957,27.0,93,75,6.91
509,Marabba,SD,2021-02-07 02:48:32,12.35,32.1833,59.34,34,46,10.74
510,Carutapera,BR,2021-02-07 02:48:32,-1.195,-46.02,77.77,87,69,5.12
511,Lavrentiya,RU,2021-02-07 02:48:32,65.5833,-171.0,-12.73,80,0,3.09
512,Sfantu Gheorghe,RO,2021-02-07 02:48:32,45.8667,25.7833,39.99,86,79,4.0
513,Bairiki,KI,2021-02-07 02:46:25,1.3292,172.9752,84.2,74,75,10.36
514,San Jose,US,2021-02-07 02:46:53,37.3394,-121.895,59.0,58,1,4.61
515,Patacamaya,BO,2021-02-07 02:48:33,-17.2333,-67.9167,47.07,84,21,10.33
516,Rabo De Peixe,PT,2021-02-07 02:48:33,37.8,-25.5833,59.0,94,75,18.41
517,Kendrapara,IN,2021-02-07 02:48:33,20.5042,86.416,66.2,68,20,11.5
518,Waingapu,ID,2021-02-07 02:48:33,-9.6567,120.2641,86.23,66,35,8.66
519,Iskateley,RU,2021-02-07 02:44:33,67.6803,53.1512,-26.0,85,99,13.49
520,Puerto Escondido,MX,2021-02-07 02:48:33,15.85,-97.0667,77.29,75,0,6.62
521,Road Town,VG,2021-02-07 02:46:02,18.4167,-64.6167,77.0,89,1,11.01
522,Waitati,NZ,2021-02-07 02:46:46,-45.75,170.5667,61.0,78,0,28.99
523,Akyab,MM,2021-02-07 02:48:34,20.15,92.9,69.93,47,0,6.58
524,Gamba,GA,2021-02-07 02:48:34,-2.65,10.0,77.95,87,100,5.39
525,Hariana,IN,2021-02-07 02:48:34,31.6378,75.8408,53.8,63,0,1.68
526,Auray,FR,2021-02-07 02:48:34,47.6703,-2.9918,39.99,93,90,5.75
527,Quatre Cocos,MU,2021-02-07 02:48:34,-20.2078,57.7625,77.0,88,40,5.75
528,Palu,ID,2021-02-07 02:48:34,-0.8917,119.8707,89.98,49,100,3.38
529,Smithers,CA,2021-02-07 02:48:35,54.7804,-127.1743,23.0,100,90,4.61
530,Hambantota,LK,2021-02-07 02:44:12,6.1241,81.1185,75.2,100,86,5.75
531,Grootfontein,NA,2021-02-07 02:48:35,-19.5667,18.1167,67.37,83,98,7.36
532,Berbera,SO,2021-02-07 02:48:35,10.4396,45.0143,73.65,77,64,4.32
533,Omboue,GA,2021-02-07 02:48:35,-1.5746,9.2618,78.42,85,100,8.01
534,Elko,US,2021-02-07 02:48:35,41.0002,-115.5012,41.0,42,1,5.75
535,Alofi,NU,2021-02-07 02:48:36,-19.0595,-169.9187,86.0,70,100,13.8
536,Pierre,US,2021-02-07 02:48:36,44.3683,-100.351,-0.4,50,1,4.61
537,Invermere,CA,2021-02-07 02:45:08,50.5167,-116.0354,15.69,89,100,4.59
538,Pauini,BR,2021-02-07 02:48:36,-7.7136,-66.9764,74.17,96,99,2.24
539,Nguruka,TZ,2021-02-07 02:48:36,-5.1092,31.0419,66.65,89,100,1.97
540,Bakchar,RU,2021-02-07 02:48:36,57.0186,82.0711,25.7,96,97,11.56
541,Vouliagmeni,GR,2021-02-07 02:48:37,37.8167,23.7833,60.01,87,0,2.3
542,Sistranda,NO,2021-02-07 02:48:37,63.7256,8.834,23.0,86,20,8.05
543,Te Anau,NZ,2021-02-07 02:48:37,-45.4167,167.7167,75.76,36,0,6.38
544,Sinnamary,GF,2021-02-07 02:45:56,5.3833,-52.95,77.13,87,99,13.35
545,Sweetwater,US,2021-02-07 02:44:12,25.7634,-80.3731,71.6,94,75,4.61
546,Hirara,JP,2021-02-07 02:48:37,24.8,125.2833,73.4,73,40,8.05
547,Panguna,PG,2021-02-07 02:48:37,-6.3164,155.4848,81.09,74,93,1.54
548,Bilibino,RU,2021-02-07 02:48:38,68.0546,166.4372,-3.26,78,0,3.65
549,Yeppoon,AU,2021-02-07 02:48:38,-23.1333,150.7333,96.8,41,90,6.91
550,Morgan City,US,2021-02-07 02:48:38,29.6994,-91.2068,53.6,100,90,1.57
551,Cap Malheureux,MU,2021-02-07 02:48:38,-19.9842,57.6142,77.0,85,1,1.99
552,Sao Felix Do Xingu,BR,2021-02-07 02:48:38,-6.6447,-51.995,72.66,94,100,0.85
553,Iranshahr,IR,2021-02-07 02:48:38,27.2025,60.6848,50.0,27,0,0.31
554,Bam,IR,2021-02-07 02:48:38,29.106,58.357,52.83,33,0,8.9
555,Valteron,GR,2021-02-07 02:48:39,41.1833,23.3167,46.99,93,15,1.52
556,Kasongo-Lunda,CD,2021-02-07 02:48:39,-6.4667,16.8167,71.83,88,100,1.07
557,Bata,GQ,2021-02-07 02:48:40,1.8639,9.7658,78.8,89,77,4.61
558,Malanje,AO,2021-02-07 02:48:40,-9.5402,16.341,63.88,98,100,2.17
559,Constantine,DZ,2021-02-07 02:48:40,36.365,6.6147,57.2,58,75,13.8
560,Umaria,IN,2021-02-07 02:48:40,23.5333,80.8333,59.54,41,0,1.32
561,Fayaoue,NC,2021-02-07 02:48:40,-20.65,166.5333,80.49,71,0,1.97
562,Tonaya,MX,2021-02-07 02:45:12,19.7833,-103.9667,68.25,66,0,1.92
